{
  "minecraft:entity" : {
    "components" : {
      "minecraft:behavior.random_look_around" : {
        "priority" : 9
      },
      "minecraft:behavior.mount_pathing" : {
        "speed_multiplier" : 1.25,
        "priority" : 2,
        "target_dist" : 0,
        "track_target" : true
      },
      "minecraft:zombie.spawn_reinforcements" : {
        "value" : 0,
        "max" : 1
      },
      "minecraft:behavior.random_stroll" : {
        "speed_multiplier" : 1,
        "priority" : 7
      },
      "minecraft:behavior.break_door" : {
        "priority" : 1
      },
      "minecraft:identifier" : {
        "id" : "minecraft:evocation_illager"
      },
      "minecraft:health" : {
        "value" : 50,
        "max" : 50
      },
      "minecraft:monster" : {

      },
      "minecraft:movement" : {
        "value" : 0.20000000298023224,
        "max" : 0.20000000298023224
      },
      "minecraft:behavior.melee_attack" : {
        "track_target" : true,
        "speed_multiplier" : 1,
        "priority" : 3
      },
      "minecraft:behavior.look_at_player" : {
        "probability" : 0.02,
        "target_distance" : 6,
        "priority" : 8
      },
      "minecraft:breathable" : {
        "generatesBubbles" : false,
        "breathesWater" : true,
        "suffocateTime" : 0
      },
      "minecraft:teleport" : {
        "randomTeleportCube" : [
          16,
          16,
          16
        ],
        "randomTeleports" : true
      },
      "minecraft:attack" : {
        "damage" : 5
      },
      "minecraft:behavior.float" : {
        "priority" : 0
      },
      "minecraft:nameable" : {

      },
      "minecraft:equipment" : {
        "table" : "loot_tables\/entities\/zombie_pigman_gear.json"
      },
      "minecraft:type_family" : {
        "family" : [
          "villager"
        ]
      },
      "minecraft:loot" : {
        "table" : "loot_tables\/entities\/zombie_pigman.json"
      },
      "minecraft:fire_immune" : true,
      "minecraft:behavior.hurt_by_target" : {
        "priority" : 1
      },
      "minecraft:behavior.nearest_attackable_target" : {
        "entity_types" : [
          {
            "filters" : {
              "other_with_families" : [
                "monster",
                "cavespider",
                "creeper",
                "enderman",
                "ghast",
                "guardian",
                "guardian_elder",
                "magmacube",
                "silverfish",
                "undead",
                "slime",
                "spider",
                "stray",
                "witch",
                "husk",
                "zombie_pigman",
                "pig_zombie",
                "zombie_villager"
              ]
            },
            "max_dist" : 16
          }
        ],
        "priority" : 1
      },
      "minecraft:scale" : {
        "value" : 1
      },
      "minecraft:collision_box" : {
        "width" : 0.59999999999999998,
        "height" : 1.8
      },
      "minecraft:behavior.move_towards_restriction" : {
        "priority" : 4
      }
    },
    "component_groups" : {
      "minecraft:pig_zombie_calm" : {
        "minecraft:on_target_acquired" : {
          "event" : "minecraft:become_angry",
          "target" : "self"
        }
      },
      "minecraft:pig_zombie_baby" : {
        "minecraft:ageable" : {
          "duration" : -1
        },
        "minecraft:scale" : {
          "value" : 0.5
        },
        "minecraft:is_baby" : {

        }
      },
      "minecraft:pig_zombie_angry" : {
        "minecraft:angry" : {
          "broadcastRange" : 20,
          "broadcastAnger" : true,
          "calm_event" : {
            "event" : "minecraft:on_calm",
            "target" : "self"
          },
          "duration" : 25
        }
      },
      "minecraft:pig_zombie_adult" : {

      }
    },
    "format_version" : 0.10000000000000001,
    "events" : {
      "minecraft:entity_transformed" : {
        "add" : {
          "component_groups" : [
            "minecraft:pig_zombie_adult",
            "minecraft:pig_zombie_calm"
          ]
        },
        "remove" : {

        }
      },
      "minecraft:entity_spawned" : {
        "randomize" : [
          {
            "add" : {
              "component_groups" : [
                "minecraft:pig_zombie_adult",
                "minecraft:pig_zombie_calm"
              ]
            },
            "remove" : {

            },
            "weight" : 95
          },
          {
            "add" : {
              "component_groups" : [
                "minecraft:pig_zombie_baby",
                "minecraft:pig_zombie_calm"
              ]
            },
            "remove" : {

            },
            "weight" : 5
          }
        ]
      },
      "minecraft:become_angry" : {
        "add" : {
          "component_groups" : [
            "minecraft:pig_zombie_angry"
          ]
        },
        "remove" : {
          "component_groups" : [
            "minecraft:pig_zombie_calm"
          ]
        }
      },
      "minecraft:on_calm" : {
        "add" : {
          "component_groups" : [
            "minecraft:pig_zombie_calm"
          ]
        },
        "remove" : {
          "component_groups" : [
            "minecraft:pig_zombie_angry"
          ]
        }
      }
    }
  }
}