{
  "minecraft:entity" : {
    "components" : {
      "minecraft:behavior.move_towards_restriction" : {
        "speed_multiplier" : 1,
        "priority" : 4
      },
      "minecraft:behavior.random_look_around" : {
        "priority" : 8
      },
      "minecraft:behavior.random_stroll" : {
        "xz_dist" : 0.59999999999999998,
        "speed_multiplier" : 1,
        "priority" : 6
      },
      "minecraft:identifier" : {
        "id" : "minecraft:irongolem"
      },
      "minecraft:health" : {
        "value" : 100,
        "max" : 100
      },
      "minecraft:behavior.melee_attack" : {
        "target_dist" : 1,
        "track_target" : true,
        "priority" : 1
      },
      "minecraft:movement" : {
        "value" : 0.25,
        "max" : 0.25
      },
      "minecraft:behavior.move_towards_target" : {
        "within_radius" : 32,
        "speed_multiplier" : 0.90000000000000002,
        "priority" : 2
      },
      "minecraft:behavior.look_at_player" : {
        "look_distance" : 6,
        "probability" : 0.02,
        "priority" : 7
      },
      "minecraft:behavior.move_through_village" : {
        "only_at_night" : true,
        "speed_multiplier" : 0.59999999999999998,
        "priority" : 3
      },
      "minecraft:behavior.offer_flower" : {
        "priority" : 5
      },
      "minecraft:behavior.float" : {
        "priority" : 0
      },
      "minecraft:attack" : {
        "damage" : 21
      },
      "minecraft:fall_damage" : {
        "value" : 0
      },
      "minecraft:nameable" : {

      },
      "minecraft:type_family" : {
        "family" : [
          "irongolem"
        ]
      },
      "minecraft:loot" : {
        "table" : "loot_tables\/entities\/iron_golem.json"
      },
      "minecraft:behavior.hurt_by_target" : {
        "entity_types" : [
          {
            "filters" : {
              "other_without_families" : "creeper"
            }
          }
        ],
        "priority" : 2
      },
      "minecraft:behavior.nearest_attackable_target" : {
        "must_reach" : true,
        "priority" : 3,
        "entity_types" : [
          {
            "filters" : {
              "other_without_families" : "creeper",
              "other_with_families" : [
                "cavespider",
                "creeper",
                "enderman",
                "ghast",
                "guardian",
                "guardian_elder",
                "magmacube",
                "silverfish",
                "undead",
                "slime",
                "spider",
                "stray",
                "witch",
                "husk",
                "zombie_pigman",
                "pig_zombie",
                "zombie_villager"
              ]
            },
            "within_default" : 10,
            "max_dist" : 16
          }
        ],
        "must_see" : true
      },
      "minecraft:fire_immune" : true,
      "minecraft:scale" : {
        "value" : 1
      },
      "minecraft:collision_box" : {
        "width" : 1.3999999999999999,
        "height" : 2.8999999999999999
      },
      "minecraft:leashable" : {
        "hard_distance" : 6,
        "max_distance" : 10,
        "on_leash" : {
          "event" : "minecraft:on_leash",
          "target" : "self"
        },
        "on_unleash" : {
          "event" : "minecraft:on_unleash",
          "target" : "self"
        },
        "soft_distance" : 4
      }
    },
    "component_groups" : {
      "minecraft:village_created" : {
        "minecraft:behavior.defend_village_target" : {
          "priority" : 1
        }
      },
      "minecraft:golem_leashed" : {
        "minecraft:behavior.move_towards_restriction" : {
          "speed_multiplier" : 1,
          "priority" : 2
        }
      },
      "minecraft:player_created" : {
        "minecraft:behavior.hurt_by_target" : {
          "not_entity_types" : [
            "creeper",
            "player"
          ],
          "priority" : 2
        }
      }
    },
    "format_version" : 0.10000000000000001,
    "events" : {
      "minecraft:from_village" : {
        "add" : {
          "component_groups" : [
            "minecraft:village_created"
          ]
        }
      },
      "minecraft:from_player" : {
        "add" : {
          "component_groups" : [
            "minecraft:player_created"
          ]
        }
      },
      "minecraft:on_leash" : {
        "add" : {
          "component_groups" : [
            "minecraft:golem_leashed"
          ]
        }
      },
      "minecraft:on_unleash" : {
        "remove" : {
          "component_groups" : [
            "minecraft:golem_leashed"
          ]
        }
      }
    }
  }
}