{
  "minecraft:entity" : {
    "components" : {
      "minecraft:behavior.move_indoors" : {
        "speed_multiplier" : 0.80000000000000004,
        "priority" : 2
      },
      "minecraft:behavior.random_stroll" : {
        "speed_multiplier" : 0.59999999999999998,
        "priority" : 9
      },
      "minecraft:behavior.restrict_open_door" : {
        "priority" : 3
      },
      "minecraft:identifier" : {
        "id" : "minecraft:villager"
      },
      "minecraft:behavior:panic" : {
        "priority" : 1
      },
      "minecraft:health" : {
        "value" : 50,
        "max" : 50
      },
      "minecraft:behavior.look_at_player" : {
        "look_distance" : 8,
        "probability" : 0.02,
        "priority" : 10
      },
      "minecraft:movement" : {
        "value" : 0.5,
        "max" : 0.5
      },
      "minecraft:behavior.pickup_items" : {
        "items" : [
          "minecraft:bread",
          "minecraft:carrots",
          "minecraft:potatoes",
          "minecraft:wheat",
          "minecraft:beetroot",
          "minecraft:beetroot_seeds"
        ],
        "priority" : 7
      },
      "minecraft:behavior.melee_attack" : {
        "track_target" : true
      },
      "minecraft:damage_sensor" : [
        {
          "on_damage" : {
            "filters" : {
              "other_with_families" : "lightning"
            },
            "event" : "become_witch"
          },
          "deals_damage" : false
        },
        {
          "on_damage" : {
            "filters" : {
              "other_with_families" : "zombie",
              "with_damage_fatal" : true
            },
            "event" : "become_zombie"
          }
        }
      ],
      "minecraft:behavior.open_door" : {
        "close_door_after" : true,
        "priority" : 4
      },
      "minecraft:behavior:avoid_mob_type" : {
        "max_dist" : 8,
        "avoid_types" : [
          "minecraft:zombie",
          "minecraft:zombie_villager",
          "minecraft:pig_zombie"
        ],
        "sprint_speed_multiplier" : 0.59999999999999998,
        "priority" : 1,
        "walk_speed_multiplier" : 0.59999999999999998
      },
      "minecraft:behavior.float" : {
        "priority" : 0
      },
      "minecraft:attack" : {
        "damage" : 5
      },
      "minecraft:nameable" : {

      },
      "minecraft:type_family" : {
        "family" : [
          "villager"
        ]
      },
      "minecraft:inventory" : {
        "inventory_size" : 8
      },
      "minecraft:fire_immune" : true,
      "minecraft:behavior.nearest_attackable_target" : {
        "entity_types" : [
          {
            "filters" : {
              "other_with_families" : [
                "monster",
                "cavespider",
                "creeper",
                "enderman",
                "ghast",
                "guardian",
                "guardian_elder",
                "magmacube",
                "silverfish",
                "undead",
                "spider",
                "stray",
                "witch",
                "husk",
                "zombie_pigman",
                "pig_zombie",
                "zombie_villager"
              ]
            },
            "max_dist" : 16
          }
        ],
        "priority" : 1
      },
      "minecraft:scale" : {
        "value" : 1
      },
      "minecraft:collision_box" : {
        "width" : 0.59999999999999998,
        "height" : 1.8
      },
      "minecraft:behavior.move_towards_restriction" : {
        "speed_multiplier" : 0.59999999999999998,
        "priority" : 5
      }
    },
    "component_groups" : {
      "adult" : {
        "minecraft:behavior.receive_love" : {
          "priority" : 7
        },
        "minecraft:behavior.make_love" : {
          "priority" : 6
        }
      },
      "librarian" : {
        "minecraft:variant" : {
          "value" : 1
        },
        "minecraft:type_family" : {
          "family" : [
            "villager",
            "librarian"
          ]
        }
      },
      "become_zombie" : {
        "minecraft:transformation" : {
          "into" : "minecraft:zombie_villager"
        }
      },
      "fletcher" : {
        "minecraft:variant" : {
          "value" : 0
        },
        "minecraft:type_family" : {
          "family" : [
            "villager",
            "peasant",
            "fletcher"
          ]
        }
      },
      "behavior_peasant" : {
        "minecraft:behavior.share_items" : {
          "target_entity_items" : [
            {
              "max_count" : 3,
              "item" : "minecraft:bread"
            },
            {
              "max_count" : 12,
              "item" : "minecraft:carrot"
            },
            {
              "max_count" : 12,
              "item" : "minecraft:potato"
            },
            {
              "max_count" : 12,
              "item" : "minecraft:beetroot"
            }
          ],
          "filters" : {
            "other_with_families" : "villager"
          },
          "priority" : 8,
          "items_filter" : [
            {
              "item" : "minecraft:bread",
              "min_count" : 6
            },
            {
              "item" : "minecraft:carrot",
              "min_count" : 24
            },
            {
              "item" : "minecraft:potato",
              "min_count" : 24
            },
            {
              "item" : "minecraft:beetroot",
              "min_count" : 24
            },
            {
              "item" : "minecraft:wheat",
              "craft_into" : "minecraft:bread",
              "min_count" : 18
            }
          ]
        },
        "minecraft:behavior.harvest_farm_block" : {
          "speed_multiplier" : 0.32000000000000001,
          "priority" : 6
        }
      },
      "behavior_non_peasant" : {
        "minecraft:behavior.share_items" : {
          "target_entity_items" : [
            {
              "max_count" : 3,
              "item" : "minecraft:bread"
            },
            {
              "max_count" : 12,
              "item" : "minecraft:carrot"
            },
            {
              "max_count" : 12,
              "item" : "minecraft:potato"
            },
            {
              "max_count" : 12,
              "item" : "minecraft:beetroot"
            }
          ],
          "filters" : {
            "other_with_families" : "villager"
          },
          "priority" : 8,
          "items_filter" : [
            {
              "item" : "minecraft:bread",
              "min_count" : 6
            },
            {
              "item" : "minecraft:carrot",
              "min_count" : 24
            },
            {
              "item" : "minecraft:potato",
              "min_count" : 24
            },
            {
              "item" : "minecraft:beetroot",
              "min_count" : 24
            }
          ]
        }
      },
      "shepherd" : {
        "minecraft:variant" : {
          "value" : 0
        },
        "minecraft:type_family" : {
          "family" : [
            "villager",
            "peasant",
            "shepherd"
          ]
        }
      },
      "armorer" : {
        "minecraft:variant" : {
          "value" : 3
        },
        "minecraft:type_family" : {
          "family" : [
            "villager",
            "blacksmith",
            "armorer"
          ]
        }
      },
      "butcher" : {
        "minecraft:variant" : {
          "value" : 4
        },
        "minecraft:type_family" : {
          "family" : [
            "villager",
            "artisan",
            "butcher"
          ]
        }
      },
      "farmer" : {
        "minecraft:variant" : {
          "value" : 0
        },
        "minecraft:type_family" : {
          "family" : [
            "villager",
            "peasant",
            "farmer"
          ]
        }
      },
      "leatherworker" : {
        "minecraft:variant" : {
          "value" : 4
        },
        "minecraft:type_family" : {
          "family" : [
            "villager",
            "artisan",
            "leatherworker"
          ]
        }
      },
      "weaponsmith" : {
        "minecraft:variant" : {
          "value" : 3
        },
        "minecraft:type_family" : {
          "family" : [
            "villager",
            "blacksmith",
            "weaponsmith"
          ]
        }
      },
      "cleric" : {
        "minecraft:variant" : {
          "value" : 2
        },
        "minecraft:type_family" : {
          "family" : [
            "villager",
            "priest",
            "cleric"
          ]
        }
      },
      "baby" : {
        "minecraft:is_baby" : {

        },
        "minecraft:scale" : {
          "value" : 0.5
        },
        "minecraft:ageable" : {
          "event" : {
            "type" : "minecraft:ageable_grow_up",
            "target" : "self"
          },
          "threshold" : 1200
        },
        "minecraft:behavior.play" : {
          "speed_multiplier" : 0.32000000000000001,
          "priority" : 8
        },
        "minecraft:behavior.take_flower" : {
          "priority" : 7
        }
      },
      "become_witch" : {
        "minecraft:transformation" : {
          "into" : "minecraft:witch",
          "delay" : 0.5
        }
      },
      "toolsmith" : {
        "minecraft:variant" : {
          "value" : 3
        },
        "minecraft:type_family" : {
          "family" : [
            "villager",
            "blacksmith",
            "toolsmith"
          ]
        }
      },
      "fisherman" : {
        "minecraft:variant" : {
          "value" : 0
        },
        "minecraft:type_family" : {
          "family" : [
            "villager",
            "peasant",
            "fisherman"
          ]
        }
      }
    },
    "format_version" : 0.10000000000000001,
    "events" : {
      "minecraft:entity_born" : {
        "sequence" : [
          {
            "add" : {
              "component_groups" : [
                "baby"
              ]
            }
          },
          {
            "randomize" : [
              {
                "add" : {
                  "component_groups" : [
                    "farmer",
                    "behavior_peasant"
                  ]
                },
                "weight" : 5
              },
              {
                "add" : {
                  "component_groups" : [
                    "fisherman",
                    "behavior_peasant"
                  ]
                },
                "weight" : 5
              },
              {
                "add" : {
                  "component_groups" : [
                    "shepherd",
                    "behavior_peasant"
                  ]
                },
                "weight" : 5
              },
              {
                "add" : {
                  "component_groups" : [
                    "fletcher",
                    "behavior_peasant"
                  ]
                },
                "weight" : 5
              },
              {
                "add" : {
                  "component_groups" : [
                    "librarian",
                    "behavior_non_peasant"
                  ]
                },
                "weight" : 20
              },
              {
                "add" : {
                  "component_groups" : [
                    "cleric",
                    "behavior_non_peasant"
                  ]
                },
                "weight" : 20
              },
              {
                "add" : {
                  "component_groups" : [
                    "armorer",
                    "behavior_non_peasant"
                  ]
                },
                "weight" : 6
              },
              {
                "add" : {
                  "component_groups" : [
                    "weaponsmith",
                    "behavior_non_peasant"
                  ]
                },
                "weight" : 6
              },
              {
                "add" : {
                  "component_groups" : [
                    "toolsmith",
                    "behavior_non_peasant"
                  ]
                },
                "weight" : 6
              },
              {
                "add" : {
                  "component_groups" : [
                    "butcher",
                    "behavior_non_peasant"
                  ]
                },
                "weight" : 10
              },
              {
                "add" : {
                  "component_groups" : [
                    "leatherworker",
                    "behavior_non_peasant"
                  ]
                },
                "weight" : 10
              }
            ]
          }
        ]
      },
      "minecraft:entity_spawned" : {
        "sequence" : [
          {
            "randomize" : [
              {
                "add" : {
                  "component_groups" : [
                    "baby"
                  ]
                },
                "weight" : 5
              },
              {
                "add" : {
                  "component_groups" : [
                    "adult"
                  ]
                },
                "weight" : 95
              }
            ]
          },
          {
            "randomize" : [
              {
                "add" : {
                  "component_groups" : [
                    "farmer",
                    "behavior_peasant"
                  ]
                },
                "weight" : 5
              },
              {
                "add" : {
                  "component_groups" : [
                    "fisherman",
                    "behavior_peasant"
                  ]
                },
                "weight" : 5
              },
              {
                "add" : {
                  "component_groups" : [
                    "shepherd",
                    "behavior_peasant"
                  ]
                },
                "weight" : 5
              },
              {
                "add" : {
                  "component_groups" : [
                    "fletcher",
                    "behavior_peasant"
                  ]
                },
                "weight" : 5
              },
              {
                "add" : {
                  "component_groups" : [
                    "librarian",
                    "behavior_non_peasant"
                  ]
                },
                "weight" : 20
              },
              {
                "add" : {
                  "component_groups" : [
                    "cleric",
                    "behavior_non_peasant"
                  ]
                },
                "weight" : 20
              },
              {
                "add" : {
                  "component_groups" : [
                    "armorer",
                    "behavior_non_peasant"
                  ]
                },
                "weight" : 6
              },
              {
                "add" : {
                  "component_groups" : [
                    "weaponsmith",
                    "behavior_non_peasant"
                  ]
                },
                "weight" : 6
              },
              {
                "add" : {
                  "component_groups" : [
                    "toolsmith",
                    "behavior_non_peasant"
                  ]
                },
                "weight" : 6
              },
              {
                "add" : {
                  "component_groups" : [
                    "butcher",
                    "behavior_non_peasant"
                  ]
                },
                "weight" : 10
              },
              {
                "add" : {
                  "component_groups" : [
                    "leatherworker",
                    "behavior_non_peasant"
                  ]
                },
                "weight" : 10
              }
            ]
          }
        ]
      },
      "minecraft:entity_transformed" : {
        "sequence" : [
          {
            "filters" : {
              "other_with_components" : "is_baby"
            },
            "add" : {
              "component_groups" : [
                "baby"
              ]
            }
          },
          {
            "filters" : {
              "other_without_components" : "is_baby"
            },
            "add" : {
              "component_groups" : [
                "adult"
              ]
            }
          },
          {
            "filters" : {
              "other_with_families" : "farmer"
            },
            "add" : {
              "component_groups" : [
                "farmer",
                "behavior_peasant"
              ]
            }
          },
          {
            "filters" : {
              "other_with_families" : "fisherman"
            },
            "add" : {
              "component_groups" : [
                "fisherman",
                "behavior_peasant"
              ]
            }
          },
          {
            "filters" : {
              "other_with_families" : "shepherd"
            },
            "add" : {
              "component_groups" : [
                "shepherd",
                "behavior_peasant"
              ]
            }
          },
          {
            "filters" : {
              "other_with_families" : "fletcher"
            },
            "add" : {
              "component_groups" : [
                "fletcher",
                "behavior_peasant"
              ]
            }
          },
          {
            "filters" : {
              "other_with_families" : "librarian"
            },
            "add" : {
              "component_groups" : [
                "librarian",
                "behavior_non_peasant"
              ]
            }
          },
          {
            "filters" : {
              "other_with_families" : "cleric"
            },
            "add" : {
              "component_groups" : [
                "cleric",
                "behavior_non_peasant"
              ]
            }
          },
          {
            "filters" : {
              "other_with_families" : "armorer"
            },
            "add" : {
              "component_groups" : [
                "armorer",
                "behavior_non_peasant"
              ]
            }
          },
          {
            "filters" : {
              "other_with_families" : "weaponsmith"
            },
            "add" : {
              "component_groups" : [
                "weaponsmith",
                "behavior_non_peasant"
              ]
            }
          },
          {
            "filters" : {
              "other_with_families" : "toolsmith"
            },
            "add" : {
              "component_groups" : [
                "toolsmith",
                "behavior_non_peasant"
              ]
            }
          },
          {
            "filters" : {
              "other_with_families" : "butcher"
            },
            "add" : {
              "component_groups" : [
                "butcher",
                "behavior_non_peasant"
              ]
            }
          },
          {
            "filters" : {
              "other_with_families" : "leatherworker"
            },
            "add" : {
              "component_groups" : [
                "leatherworker",
                "behavior_non_peasant"
              ]
            }
          }
        ]
      },
      "become_zombie" : {
        "add" : {
          "component_groups" : [
            "become_zombie"
          ]
        }
      },
      "minecraft:ageable_grow_up" : {
        "sequence" : [
          {
            "add" : {
              "component_groups" : [
                "adult"
              ]
            },
            "remove" : {
              "component_groups" : [
                "baby"
              ]
            }
          }
        ]
      },
      "become_witch" : {
        "add" : {
          "component_groups" : [
            "become_witch"
          ]
        }
      }
    }
  }
}